# Path distance (Angstrom), Energy (eV), Uncertainty (eV)
0.000000000000000000e+00 0.000000000000000000e+00 2.827894883156474234e-03
5.224061758896109131e-01 2.133041023766963917e-01 2.031241801021839086e-02
1.044007601290649845e+00 5.871438818421665928e-01 3.450899910549688060e-03
1.570822478438565373e+00 7.172208186520947493e-01 2.238555749270410618e-03
2.098520089141035605e+00 5.867220981976970506e-01 1.808513940725435185e-02
2.627700158546589115e+00 2.165840071220372920e-01 7.271784843380935288e-03
3.152882075161087538e+00 7.483130048058228567e-06 2.828006309095808073e-03
