# Path distance (Angstrom), Energy (eV), Uncertainty (eV)
0.000000000000000000e+00 0.000000000000000000e+00 2.828356752809011929e-03
4.911975643069017572e-01 1.057758449763595010e-01 2.701615092015349773e-02
9.817879883340147051e-01 2.872280662243014149e-01 1.265762260822752422e-02
1.472877221965721795e+00 3.684389428059482441e-01 2.273947263308813676e-03
1.968828823972046838e+00 2.819028018991751594e-01 1.084284350107734066e-02
2.468191728614805847e+00 1.076684792077120534e-01 3.329716136066371984e-02
2.963448655483845062e+00 1.340497354007652575e-06 2.828351562175136953e-03
